Día;Valor1;Valor2
1;9,7167686;9,5235237
2;9,6115067;9,4029055
3;9,6089118;9,4874593
4;10,2280896;10,8153159
5;9,7290104;9,9063352
6;10,3138326;11,1647538
7;11,3520835;13,3295467
8;10,1954096;11,1039271
9;9,8833334;10,5668611
10;10,3048933;11,4963472
11;10,0285275;11,0291840
12;9,6119904;10,2808036
13;10,6573519;12,4552690
14;10,0768355;11,3769524
15;10,5643770;12,4336505
16;10,6999859;12,7853093
17;9,9806729;11,4258775
18;10,9773656;13,4971392
19;9,9449052;11,5087065
20;11,1459851;13,9858977
21;10,9856513;13,7387370
22;10,3570473;12,5534452
23;10,7331433;13,3758982
24;10,3864443;12,7510426
25;10,5757220;13,1963602
26;9,6383586;11,3865554
27;11,6778685;15,5285984
28;9,7935645;11,8210584
29;10,1226434;12,5382735
30;10,1390678;12,6281163
31;10,8294051;14,0636699
32;10,8265118;14,1105984
33;10,7680637;14,0442054
34;10,7826630;14,1216501
35;11,3999859;15,4022415
36;11,0378235;14,7215204
37;10,9580757;14,6032474
38;10,7818380;14,2895764
39;10,8279677;14,4181873
40;11,1709086;15,1379345
41;10,5453046;13,9180757
42;11,6375696;16,1314102
43;10,9420782;14,7666616
44;11,2956742;15,4974938
45;11,1461232;15,2194165
46;10,5323953;14,0103512
47;11,9844483;16,9301968
48;11,0913388;15,1570526
49;10,8232912;14,6313555
50;11,2723299;15,5371448
51;11,3785038;15,7545113
52;10,5068463;14,0135177
53;11,0997249;15,1988967
54;11,9406857;16,8777406
55;11,0569346;15,1044642
56;10,8735674;14,7292645
57;10,6434436;14,2578676
58;10,7608567;14,4788710
59;10,0491576;13,0389886
60;11,3341701;15,5898832
61;10,7762798;14,4523427
62;11,3591063;15,5936265
63;11,6115414;16,0715396
64;10,0856644;12,9902652
65;10,3305494;13,4479780
66;12,0794253;16,9111644
67;11,5147915;15,7448547
68;11,6098974;15,8955808
69;10,9165467;14,4669857
70;10,0923237;12,7742755
71;10,6317567;13,8065470
72;11,5166718;15,5274939
73;10,7418174;13,9266576
74;11,0654274;14,5205513
75;10,3815258;13,0972713
76;10,9176536;14,1119492
77;10,4641863;13,1453884
78;11,0771035;14,3096015
79;11,2509597;14,5937526
80;10,5994869;13,2253633
81;10,1355034;12,2301291
82;10,0202635;11,9306188
83;9,4193565;10,6580736
84;10,9421315;13,6312550
85;10,5505002;12,7740515
86;10,8869327;13,3714701
87;9,4355612;10,3918429
88;10,3676948;12,1778574
89;9,7285047;10,8199263
90;10,4659705;12,2140807
91;10,4223509;12,0449103
92;9,6330073;10,3832118
93;10,1834807;11,4001418
94;10,8918403;12,7319146
95;9,7729178;10,4082697
96;10,2935014;11,3628609
97;9,3606841;9,4099520
98;10,1589874;10,9186647
99;10,2777331;11,0677216
100;9,8900238;10,2034077
101;9,9483429;10,2307695
102;10,1717636;10,5880337
103;9,6585832;9,4718757
104;9,8482990;9,7613709
105;9,3448308;8,6644398
106;9,4940717;8,8729497
107;9,9399035;9,6747450
108;9,8453053;9,3958649
109;8,8927710;7,4013778
110;9,9878519;9,5024668
111;9,9303157;9,2987474
112;9,6262091;8,6023929
113;9,8208167;8,9040520
114;9,8072664;8,7900589
115;10,0126461;9,1146677
116;9,9905859;8,9852163
117;9,9280514;8,7757125
118;8,7740092;6,3841656
119;8,5151761;5,7840844
120;9,4203044;7,5130474
121;9,4030997;7,3985393
122;10,1598531;8,8332140
123;9,1984334;6,8328804
124;8,7607736;5,8814741
125;9,8951022;8,0755204
126;9,5874498;7,3871478
127;9,0963963;6,3335820
128;9,6553872;7,3817781
129;8,7738680;5,5506900
130;10,1357897;8,2082808
131;8,8813453;5,6349965
132;9,5069973;6,8238196
133;9,2949665;6,3392481
134;8,8101152;5,3110610
135;8,9889394;5,6123029
136;8,9612377;5,5026222
137;9,3677756;6,2635982
138;9,2494129;5,9769976
139;9,1750093;5,7805848
140;10,0923750;7,5700226
141;9,3712907;6,0849137
142;9,7279550;6,7576938
143;9,8791071;7,0218776
144;8,2507238;3,7294530
145;9,4084039;6,0116501
146;8,6296585;4,4235205
147;9,1654801;5,4670769
148;8,2425189;3,5956451
149;9,4204380;5,9285740
150;8,2063150;3,4800397
151;8,9908173;5,0313951
152;10,1723834;7,3795331
153;10,4170296;7,8564997
154;9,2828505;5,5784954
155;9,4019790;5,8097947
156;8,2873821;3,5763376
157;9,0060627;5,0121339
158;9,4162024;5,8335483
159;8,4098040;3,8245853
160;9,3131102;5,6377265
161;8,8743394;4,7694035
162;9,4481396;5,9289033
163;8,7183147;4,4838236
164;9,0364923;5,1374062
165;8,4302632;3,9448172
166;8,6601409;4,4270657
167;8,5474207;4,2267221
168;8,7913062;4,7421710
169;8,8232081;4,8362089
170;10,1485551;7,5196661
171;8,5962959;4,4504105
172;9,1491792;5,5939074
173;9,6388557;6,6134248
174;9,6894262;6,7571276
175;9,3522082;6,1276129
176;8,4038991;4,2782350
177;8,7501324;5,0202182
178;10,1563044;7,8843109
179;9,3748118;6,3752596
180;8,9514127;5,5845318
181;9,0412733;5,8224101
182;10,4103259;8,6207062
183;9,4214711;6,7051674
184;9,0879587;6,1022371
185;8,5651361;5,1225527
186;8,7628205;5,5856890
187;9,0933291;6,3162195
188;8,5818644;5,3644868
189;9,6940123;7,6615985
190;9,6901484;7,7282402
191;9,3978413;7,2194821
192;10,0028849;8,5068442
193;9,5641538;7,7080056
194;9,2485385;7,1566768
195;8,9422273;6,6251626
196;9,9923974;8,8077440
197;9,9400017;8,7862533
198;10,7184481;10,4274311
199;8,7373381;6,5504045
200;9,7629627;8,6876789
201;9,8925414;9,0336158
202;9,2127708;7,7615305
203;9,3319211;8,0878844
204;9,7372333;8,9870806
205;10,9024523;11,4065288
206;10,4373636;10,5657204
207;9,7698744;9,3203888
208;10,1267335;10,1239514
209;10,8618642;11,6841737
210;10,0318686;10,1141790
211;9,6852300;9,5108527
212;9,9571526;10,1445228
213;9,1027530;8,5253411
214;9,9025134;10,2141915
215;10,3347235;11,1675733
216;11,0072488;12,6011371
217;10,1209733;10,9165714
218;10,8558892;12,4737814
219;9,7342173;10,3171300
220;9,7216229;10,3778699
221;10,4736969;11,9671055
222;11,1118391;13,3275596
223;10,8617270;12,9105120
224;10,7663049;12,8017760
225;9,6445295;10,6391912
226;9,7759104;10,9817041
227;10,7529278;13,0142031
228;9,6870581;10,9595703
229;10,9547743;13,5706827
230;10,4610222;12,6573638
231;10,3360966;12,4801359
232;11,5028059;14,8845508
233;11,0974813;14,1432072
234;11,0023171;14,0204310
235;11,7627467;15,6070282
236;10,5725964;13,2905925
237;10,8522613;13,9118564
238;10,9354323;14,1381461
239;10,9836608;14,2925103
240;10,7513374;13,8836784
241;10,9277614;14,2901985
242;11,2181633;14,9224832
243;10,6792767;13,8939536
244;10,4129926;13,4083475
245;11,6026323;15,8322647
246;11,1564386;14,9821513
247;11,0235805;14,7563066
248;10,9669277;14,6804347
249;10,4414549;13,6644510
250;10,6246101;14,0632200
251;10,5184777;13,8808817
252;11,5911170;16,0535272
253;11,0984298;15,0929359
254;10,8436754;14,6056036
255;11,0097297;14,9572627
256;10,9475751;14,8498602
257;11,2311485;15,4312546
258;11,4595443;15,8996219
259;10,8328255;14,6550778
260;11,0024259;15,0004819
261;11,2078828;15,4149029
262;10,8221554;14,6442565
263;10,8334960;14,6650462
264;11,9037050;16,8008747
265;11,1151086;15,2163985
266;11,3947035;15,7656175
267;10,5801040;14,1237695
268;11,1472327;15,2427106
269;10,0830796;13,0964351
270;10,8628400;14,6353495
271;10,6317668;14,1499781
272;11,4889114;15,8384447
273;10,6971983;14,2266217
274;11,0995563;15,0003919
275;11,0488047;14,8654221
276;10,7304396;14,1927343
277;11,7649359;16,2233109
278;10,8171780;14,2869552
279;10,3189241;13,2472203
280;10,7002300;13,9642568
281;11,1243580;14,7646301
282;10,6595279;13,7848232
283;11,3079021;15,0292059
284;10,6967867;13,7524374
285;11,0514976;14,4051986
286;10,1379518;12,5193748
287;11,4521228;15,0869654
288;10,1713395;12,4626833
289;10,3186070;12,6925949
290;11,0487863;14,0864802
291;9,7036082;11,3278610
292;10,4723345;12,7953222
293;11,0417242;13,8624445
294;10,2137673;12,1332729
295;10,7403478;13,1116409
296;10,7385746;13,0318338
297;10,5654588;12,6079423
298;10,5421275;12,4822908
299;10,1400421;11,5978727
300;11,0990139;13,4343833
301;10,5075354;12,1688804
302;10,4696597;12,0095450
303;10,0800899;11,1458582
304;11,4152022;13,7306485
305;10,6928799;12,1997594
306;10,1171228;10,9612683
307;10,5020086;11,6434087
308;10,2663429;11,0838706
309;10,1948858;10,8522537
310;9,5495886;9,4725406
311;10,4693907;11,2226898
312;10,4708054;11,1358089
313;10,0335294;10,1713717
314;9,3606600;8,7356539
315;10,0328346;9,9900111
316;9,7299100;9,2942382
317;9,8582130;9,4610692
318;9,2491273;8,1533529
319;10,2950015;10,1558666
320;8,7852976;7,0476149
321;10,6486671;10,6859805
322;9,7192168;8,7392570
323;9,4712421;8,1561135
324;10,0139741;9,1550914
325;9,3973772;7,8361967
326;9,6884191;8,3334426
327;10,1749105;9,2225263
328;9,9068173;8,6034553
329;9,6964191;8,1008633
330;10,3183075;9,2640073
331;10,5223776;9,5927499
332;9,5264670;7,5228378
333;9,4229908;7,2391717
334;10,4852077;9,2883375
335;8,9162885;6,0767451
336;9,7103202;7,5926345
337;10,0793367;8,2601386
338;9,1734111;6,3794670
339;9,8957034;7,7570017
340;9,2214386;6,3432532
341;8,7492031;5,3354527
342;8,8734847;5,5226328
343;8,5403725;4,7970272
344;9,7563069;7,1715698
345;8,8087915;5,2213200
346;9,5514420;6,6535580
347;9,0703933;5,6406021
348;9,1849015;5,8210100
349;8,8320810;5,0690541
350;8,4773693;4,3156513
351;9,6893770;6,6980623
352;9,3762896;6,0326955
353;8,8971608;5,0376937
354;8,9565524;5,1222135
355;8,5722740;4,3219049
356;9,2024636;5,5530722
357;8,4199413;3,9613825
358;9,8481684;6,7937820
359;9,4801355;6,0362736
360;9,7378111;6,5328134
361;9,1944560;5,4299404
362;9,2912514;5,6100313
363;10,0285153;7,0737339
364;9,1328863;5,2743357
365;9,4199288;5,8429726
366;8,6481185;4,2966008
367;8,0353401;3,0709924
368;10,0659214;7,1348028
369;8,6274466;4,2631982
370;8,8662764;4,7488950
371;8,6074840;4,2420325
372;9,0579950;5,1564525
373;9,6880639;6,4326515
374;8,2700568;3,6153474
375;9,9155787;6,9277334
376;9,6658222;6,4521755
377;9,7798076;6,7066928
378;8,7566706;4,6895326
379;8,5864898;4,3808261
380;9,1958908;5,6337960
381;8,7849819;4,8486281
382;8,4546089;4,2269810
383;8,6769990;4,7132739
384;9,2394711;5,8821072
385;9,5935234;6,6364380
386;9,7513005;7,0005138
387;8,0145282;3,5777424
388;9,1364120;5,8744892
389;9,4677663;6,5923354
390;9,9433856;7,6008205
391;9,0686240;5,9106008
392;9,3021026;6,4388653
393;8,9921889;5,8822941
394;9,6022966;7,1676570
395;8,7357033;5,5014513
396;8,5505572;5,1999129
397;8,7567961;5,6828553
398;8,7687740;5,7789232
399;9,6640161;7,6431023
400;8,9451527;6,2805867
401;9,4409951;7,3489313
402;10,8303147;10,2056098
403;9,4607334;7,5457961
404;9,9551251;8,6151663
405;10,0942229;8,9751144
406;10,6033624;10,0762377
407;10,0716655;9,0967053
408;8,5000797;6,0383373
409;10,0042051;9,1322572
410;9,8939514;8,9982075
411;10,0693820;9,4362369
412;9,5663765;8,5180264
413;9,7546986;8,9830242
414;10,1506696;9,8637937
415;9,9108645;9,4734047
416;9,7993191;9,3398484
417;10,8226403;11,4762583
418;9,8712889;9,6634752
419;11,0168261;12,0445403
420;10,1674785;10,4358261
421;10,4659993;11,1227579
422;9,9909387;10,2623554
423;9,5073064;9,3845570
424;11,0098514;12,4787802
425;10,3193970;11,1865914
426;10,7243157;12,0846559
427;9,3827573;9,4891938
428;11,0028961;12,8164749
429;10,5489669;11,9948904
430;9,8039745;10,5903723
431;10,6944367;12,4558792
432;10,0547660;11,2601603
433;10,3820958;11,9974068
434;10,5503720;12,4154362
435;10,8848884;13,1647629
436;11,1561364;13,7862975
437;10,6353967;12,8225300
438;10,7321071;13,0922665
439;11,1413561;13,9856149
440;11,7418346;15,2598898
441;11,2785723;14,4050847
442;10,1918865;12,3017693
443;10,8373262;13,6609791
444;10,2033461;12,4595618
445;10,6166014;13,3507677
446;11,5120456;15,2044458
447;10,4469042;13,1349904
448;10,7968378;13,8936683
449;10,5628309;13,4823953
450;11,2918512;14,9950557
451;10,3496907;13,1631845
452;10,1102571;12,7345498
453;9,9887981;12,5396019
454;10,5765688;13,7608077
455;11,7037709;16,0585296
456;10,2255459;13,1430117
457;10,4069158;13,5442610
458;10,5448149;13,8561113
459;10,6407383;14,0815208
460;10,8879952;14,6070773
461;11,1045383;15,0686587
462;11,4385981;15,7626997
463;10,9052460;14,7193204
464;11,2207736;15,3710826
465;11,5449122;16,0374305
466;10,8821397;14,7273035
467;10,7117949;14,3993653
468;11,2809527;15,5477545
469;11,2980992;15,5894339
470;11,2319334;15,4617949
471;9,8331331;12,6661892
472;11,6424800;16,2841781
473;11,3634028;15,7226197
474;10,7704267;14,5305673
475;11,4712804;15,9234841
476;10,8599873;14,6894246
477;10,9868961;14,9290968
478;10,8897465;14,7179924
479;11,8481355;16,6153209
480;10,9882537;14,8734808
481;10,7707454;14,4137806
482;10,8108504;14,4667221
483;10,6569141;14,1290208
484;10,2828010;13,3484323
485;10,3537166;13,4553968
486;10,6835002;14,0776243
487;11,0489548;14,7687546
488;10,7872673;14,2031971
489;11,5734552;15,7310247
490;11,3744173;15,2860751
491;11,1139074;14,7158983
492;11,0936868;14,6240608
493;10,5670839;13,5172659
494;9,8799224;12,0872094
495;10,5938839;13,4573043
496;10,4163181;13,0423021
497;11,0959956;14,3397980
498;10,6736187;13,4312523
499;9,8862503;11,7908479
500;11,1345325;14,2199285
501;10,9158485;13,7133210
502;11,0002356;13,8111624
503;10,7569388;13,2520066
504;10,3536695;12,3713415
505;9,9688648;11,5261080
506;10,6220582;12,7554413
507;10,9970356;13,4269826
508;10,3142933;11,9817950
509;10,6423924;12,5570724
510;11,8111786;14,8125788
511;10,3805682;11,8682211
512;10,1952315;11,4134146
513;10,7469391;12,4317759
514;11,8455287;14,5430572
515;9,5698181;9,9049713
516;9,7193210;10,1166238
517;10,0552097;10,7004378
518;9,5771360;9,6557959
519;9,9745250;10,3616281
520;9,5700261;9,4633131
521;10,8114582;11,8565693
522;10,3080861;10,7600068
523;9,5342554;9,1223977
524;10,6025602;11,1690111
525;10,1737384;10,2214038
526;9,8427559;9,4695884
527;9,4326413;8,5597032
528;10,0468274;9,6986945
529;9,2421332;8,0002806
530;10,3263516;10,0801274
531;7,9308221;5,2009938
532;11,3031527;11,8581749
533;10,4470878;10,0592382
534;9,4214578;7,9219226
535;8,9820068;6,9577940
536;9,4144575;7,7383743
537;9,7849347;8,3959889
538;8,2325709;5,2089781
539;9,5946808;7,8520451
540;8,7203208;6,0233757
541;9,9878285;8,4797171
542;10,2518061;8,9303447
543;10,1259791;8,6027789
544;9,3967449;7,0698827
545;9,6358275;7,4751714
546;8,9542393;6,0407352
547;9,5221670;7,1070116
548;9,0490134;6,0928689
549;9,1341315;6,1970741
550;9,6166925;7,0980289
551;9,6879776;7,1783538
552;9,0671812;5,8764933
553;9,2875856;6,2590663
554;9,6166836;6,8611107
555;9,0263122;5,6263514
556;9,2954390;6,1127718
557;8,7838461;5,0399831
558;9,2385199;5,9020025
559;10,2396973;7,8593464
560;9,1234788;5,5842565
561;8,8715727;5,0401875
562;8,8881151;5,0354480
563;9,2769710;5,7778022
564;9,2939420;5,7788847
565;9,2081499;5,5769692
566;8,5838806;4,3006543
567;9,3642731;5,8362433
568;8,9965943;5,0782924
569;7,6632671;2,3916680
570;9,0591062;5,1660175
571;8,2719097;3,5769523
572;9,6856897;6,3925104
573;8,8221113;4,6560323
574;10,1233235;7,2518246
575;9,6081230;6,2174867
576;9,8682730;6,7365484
577;8,8789911;4,7594460
578;9,0079021;5,0214280
579;8,5581096;4,1286978
580;9,0399091;5,1018401
581;8,5977929;4,2298309
582;9,5123681;6,0738735
583;8,4942691;4,0552235
584;9,4152763;5,9174255
585;9,3715249;5,8527320
586;8,3146368;3,7643661
587;8,3964905;3,9560619
588;8,9548857;5,1033940
589;8,9887527;5,2041950
590;8,3792970;4,0208467
591;9,2009371;5,7021535
592;9,6576877;6,6561110
593;9,7931912;6,9699675
594;8,5471544;4,5230980
595;8,8534597;5,1832265
596;9,0106085;5,5473133
597;9,7072717;6,9926551
598;8,7341726;5,1006519
599;8,8440973;5,3768270
600;8,6889420;5,1249223
601;9,3437401;6,4949518
602;8,6289780;5,1278340
603;10,1381314;8,2104643
604;8,4118509;4,8240859
605;9,0624291;6,1932243
606;9,4349736;7,0080336
607;8,9036818;6,0168460
608;9,5204680;7,3234257
609;8,5483095;5,4536618
610;9,7966005;8,0262753
611;9,2735446;7,0576050
612;9,7249274;8,0391527
613;10,5696457;9,8086409
614;10,2025632;9,1557250
615;9,9485600;8,7300922
616;10,8590205;10,6344370
617;9,8138901;8,6285749
618;8,3459651;5,7780232
619;9,9940488;9,1603112
620;9,2750575;7,8091940
621;10,1238361;9,5942835
622;9,4678665;8,3704645
623;10,0962198;9,7158002
624;10,6238182;10,8600549
625;9,7031573;9,1081400
626;9,8544586;9,5004176
627;9,7782695;9,4379022
628;10,1851439;10,3416206
629;10,0327081;10,1267443
630;10,3791072;10,9094824
631;9,8428503;9,9267727
632;10,5465254;11,4237098
633;10,7579906;11,9359297
634;10,1080956;10,7250513
635;9,7772780;10,1518695
636;8,7022337;8,0896970
637;9,7140710;10,2006710
638;10,4052606;11,6696544
639;11,0857624;13,1164891
640;10,0047073;11,0393593
641;10,9577727;13,0295439
642;10,7324293;12,6619084
643;11,2717271;13,8224779
644;10,1402781;11,6404027
645;10,2102086;11,8598629
646;9,6715220;10,8607934
647;11,0583179;13,7113230
648;11,0198465;13,7098829
649;10,8225882;13,3893659
650;10,6368755;13,0903707
651;10,2793034;12,4460216
652;10,2376920;12,4318955
653;10,9450526;13,9139525
654;10,3162952;12,7219523
655;11,1154057;14,3838077
656;10,2055728;12,6258385
657;10,6989415;13,6722796
658;10,6421813;13,6164162
659;11,0621006;14,5118129
660;11,0393550;14,5197312
661;11,1019006;14,6960352
662;11,3803685;15,3019408
663;11,0394579;14,6668025
664;11,0381595;14,7085599
665;10,1376772;12,9495806
666;11,2812571;15,2763189
667;10,4889568;13,7288546
668;10,2947029;13,3750075
669;10,1684086;13,1545729
670;10,4430785;13,7335306
671;10,6944454;14,2633200
672;11,6364668;16,1718317
673;11,6652200;16,2511980
674;10,9304432;14,8008760
675;11,1660414;15,2886581
676;10,5044895;13,9794793
677;11,1078398;15,1974316
678;10,6100302;14,2103809
679;10,7286499;14,4534975
680;10,3361773;13,6717332
681;10,0247380;13,0493364
682;11,6615010;16,3206444
683;11,2768847;15,5464962
684;12,0428976;17,0709131
685;10,9997489;14,9743203
686;10,9975760;14,9570021
687;11,1854319;15,3170759
688;10,6561181;14,2401590
689;11,4532026;15,8134038
690;10,8706975;14,6248532
691;11,0379212;14,9331652
692;10,3484166;13,5254494
693;11,0655228;14,9284096
694;11,0387646;14,8411235
695;11,2994520;15,3262416
696;10,3490816;13,3867897
697;10,9957856;14,6390670
698;10,4975546;13,5990916
699;10,5281632;13,6144522
700;10,7927453;14,0954575
701;10,8940826;14,2477144
702;10,8731907;14,1532996
703;10,1273385;12,6067980
704;11,2453085;14,7858242
705;10,9618581;14,1599439
706;10,3873054;12,9498467
707;10,0631638;12,2386141
708;10,5006818;13,0487997
709;10,8152988;13,6113409
710;10,1492104;12,2106885
711;10,3368068;12,5156851
712;10,4032407;12,5766988
713;9,7692918;11,2353537
714;10,6587786;12,9393532
715;10,5055555;12,5564734
716;10,0355089;11,5385558
717;11,1619462;13,7122854
718;10,5609024;12,4298033
719;10,5470945;12,3206159
720;9,9688425;11,0814366
721;9,6745102;10,4090673
722;11,0120376;12,9994635
723;10,2638060;11,4174638
724;10,9120151;12,6275450
725;9,9205953;10,5576449
726;10,0325721;10,6938935
727;10,7958211;12,1321205
728;9,9631562;10,3780334
729;9,7343396;9,8312365
730;9,6279989;9,5290651
731;10,5017432;11,1868178
732;10,0153924;10,1242154
733;9,7765555;9,5565568
734;9,9263676;9,7661929
735;10,0459980;9,9155436
736;9,4110034;8,5558030
737;9,9274954;9,4992753
738;9,9576965;9,4704860
739;10,5203179;10,5069374
740;9,8122452;9,0024811
741;10,3484243;9,9870882
742;9,8673336;8,9377944
743;9,0394376;7,1956070
744;9,2026692;7,4364697
745;10,0119150;8,9702328
746;9,6097785;8,0821795
747;9,3636534;7,5071724
748;9,4700329;7,6382728
749;9,7395291;8,0967780
750;10,2861549;9,1107863
751;8,7796032;6,0197549
752;9,3148959;7,0137977
753;9,4409958;7,1909092
754;8,6042736;5,4438984
755;9,2185885;6,6005498
756;8,9192341;5,9315154
757;8,8893950;5,8032278
758;9,8476067;7,6528196
759;9,0935619;6,0797365
760;9,8111165;7,4517486
761;9,5858563;6,9400845
762;8,6670062;5,0432491
763;9,9778646;7,6078920
764;8,7638971;5,1249958
765;9,1292776;5,8029584
766;9,1797670;5,8533484
767;9,6567743;6,7590296
768;8,8488913;5,0972292
769;9,3525561;6,0608646
770;8,5190439;4,3525258
771;9,6204489;6,5164380
772;8,8758553;4,9908049
773;8,1966171;3,5983674
774;8,8725627;4,9188126
775;8,9501749;5,0451345
776;9,3923405;5,9031327
777;9,2764637;5,6476392
778;10,0636313;7,2008491
779;8,5467515;4,1485978
780;8,1893188;3,4178910
781;9,1791287;5,3843338
782;8,6750218;4,3656192
783;9,2877139;5,5831886
784;8,3408331;3,6843049
785;9,4699455;5,9401051
786;9,5164784;6,0334457
787;8,8128906;4,6292445
788;8,4648047;3,9387437
789;9,2678806;5,5532581
790;8,7774129;4,5833693
791;9,1865388;5,4153417
792;7,8411933;2,7410332
793;9,3618336;5,8013433
794;8,9468568;4,9930491
795;9,2892092;5,7020237
796;9,9249877;7,0004392
797;8,2297335;3,6393534
798;8,5171415;4,2461303
799;8,4700603;4,1864376
800;9,5617052;6,4066753
801;9,0446089;5,4118756
802;9,0957048;5,5558697
803;9,5591077;6,5268495
804;8,9219946;5,2991294
805;9,2453265;5,9945895
806;8,8610127;5,2770045
807;8,2746880;4,1575980
808;9,8910924;7,4458021
809;8,5439081;4,8089317
810;9,7848364;7,3503371
811;9,1872784;6,2167671
812;8,3845672;4,6748327
813;9,4686966;6,9084642
814;9,2106373;6,4595442
815;8,6564541;5,4201418
816;9,9039159;7,9857326
817;9,8001388;7,8504856
818;9,3227051;6,9695001
819;9,0310839;6,4616476
820;9,9120840;8,3004782
821;9,7535550;8,0616219
822;8,6064769;5,8469681
823;9,0751274;6,8650009
824;9,9479926;8,6926196
825;10,5859630;10,0515317
826;9,5989431;8,1614715
827;9,4018492;7,8521961
828;10,5216784;10,1776231
829;8,5466532;6,3141203
830;10,0053970;9,3188568
831;9,9334275;9,2627894
832;9,0914288;7,6672073
833;10,2328019;10,0388328
834;9,9042094;9,4709111
835;9,3659289;8,4839173
836;9,8798325;9,6015146
837;10,6264579;11,1846980
838;10,4704637;10,9627035
839;10,3092753;10,7303011
840;8,8841527;7,9699296
841;10,2313320;10,7539805
842;10,8157478;12,0122422
843;9,2991586;9,0681514
844;10,9866399;12,5317787
845;9,5888688;9,8243986
846;9,9112084;10,5566579
847;10,9963254;12,8138112
848;10,7089480;12,3252367
849;10,5543934;12,1014913
850;10,4870335;12,0512420
851;11,2537333;13,6681428
852;10,4456280;12,1343887
853;10,2615884;11,8476474
854;10,5496528;12,5039219
855;10,4737100;12,4309181
856;10,3927900;12,3466249
857;10,2677129;12,1726125
858;10,2024069;12,1166692
859;10,8511528;13,4872891
860;9,7760924;11,4086899
861;10,5157053;12,9577666
862;10,0477010;12,0898753
863;11,7621598;15,5851154
864;11,1213927;14,3680491
865;11,1296351;14,4470890
866;12,0508317;16,3500686
867;11,0365609;14,3800900
868;11,1006261;14,5647073
869;10,7079400;13,8336950
870;10,5847748;13,6395487
871;11,1108088;14,7415778
872;10,8958119;14,3592774
873;10,6030032;13,8190428
874;11,1484928;14,9530529
875;10,6028840;13,9024762
876;10,9970904;14,7291031
877;11,8509418;16,4725586
878;10,0765906;12,9571156
879;11,6546976;16,1440656
880;10,3385795;13,5400142
881;11,3249932;15,5384502
882;10,5530497;14,0175725
883;11,4242074;15,7802768
884;10,8759908;14,7015943
885;11,1488358;15,2623804
886;11,0302845;15,0377058
887;11,6143032;16,2154921
888;10,0223105;13,0385675
889;10,6680305;14,3343740
890;10,2578126;13,5156064
891;11,9485951;16,8961398
892;10,4789652;13,9531497
893;10,1702644;13,3293221
894;10,9196220;14,8189217
895;10,7309115;14,4297036
896;11,4602522;15,8739170
897;10,6558218;14,2479303
898;10,6826883;14,2818950
899;10,0450902;12,9843057
900;11,0175616;14,9042511
901;11,3611830;15,5639142
902;11,0899742;14,9913598
903;10,6326044;14,0439534
904;11,5749748;15,8935268
905;12,3620479;17,4300362
906;11,1472926;14,9604541
907;10,5380825;13,6995630
908;11,8729984;16,3245631
909;9,8266589;12,1847319
910;10,8916599;14,2653034
911;10,5939030;13,6181257
912;10,7332275;13,8429236
913;11,5162003;15,3528796
914;9,9867525;12,2359060
915;10,3980783;12,9984435
916;10,7295959;13,5993827
917;11,2174599;14,5110887
918;10,6934581;13,3971949
919;11,4427447;14,8280684
920;10,7362534;13,3456382
921;11,3514817;14,5049615
922;10,7143787;13,1580004
923;10,2864134;12,2277585
924;10,7031731;12,9854773
925;10,1281983;11,7583061
926;10,9450373;13,3134108
927;10,4611206;12,2657231
928;9,8219469;10,9063124
929;10,4443876;12,0689946
930;10,7236069;12,5441716
931;9,9610727;10,9348546
932;10,0818335;11,0912161
933;9,2504131;9,3423807
934;10,0877719;10,9303461
935;9,8776394;10,4226498
936;9,7707892;10,1209173
937;10,2613735;11,0135326
938;9,7938959;9,9895824
939;10,4528490;11,2181321
940;9,7629621;9,7487204
941;10,2900211;10,7130002
942;9,0091837;8,0613675
943;9,7862503;9,5255042
944;10,0713190;10,0056872
945;10,3272978;10,4278137
946;10,0708253;9,8252419
947;10,4337429;10,4617349
948;9,3434275;8,1921269
949;9,7617220;8,9401841
950;9,8914322;9,1115974
951;9,0682439;7,3778180
952;9,6441121;8,4428342
953;10,2850391;9,6387289
954;9,3994574;7,7824443
955;8,7577154;6,4147539
956;10,2938488;9,4038048
957;8,8352426;6,4044421
958;10,4596871;9,5723200
959;9,8671631;8,3074730
960;9,3302298;7,1550916
961;9,4225215;7,2625151
962;8,8512593;6,0442548
963;9,2317831;6,7310588
964;8,5179224;5,2306530
965;9,2888229;6,7013941
966;9,1399063;6,3341895
967;9,9617686;7,9102937
968;9,0889785;6,0989049
969;9,5211567;6,8993237
970;9,5382208;6,8714427
971;8,4910434;4,7170631
972;9,4518058;6,5806016
973;8,3760050;4,3731043
974;8,6080186;4,7833764
975;10,0525736;7,6209207
976;8,8819681;5,2303796
977;9,5118006;6,4429945
978;10,0191697;7,4130050
979;9,2581659;5,8486323
980;9,4673077;6,2269515
981;8,5933616;4,4415318
982;8,8170515;4,8538545
983;9,5730479;6,3332922
984;9,0612963;5,2797652
985;9,1187959;5,3672990
986;8,4524322;4,0096892
987;8,9990091;5,0805662
988;9,3895016;5,8418998
989;9,1109850;5,2678585
990;8,8735149;4,7785685
991;9,3886244;5,7971092
992;9,1196811;5,2502263
993;9,8050058;6,6145695
994;8,8955314;4,7920100
995;10,1581300;7,3162956
996;8,1080753;3,2179743
997;8,2078483;3,4220065
998;8,9651392;4,9437687
999;8,8669160;4,7571904
1000;8,7890792;4,6140636