ENTRA;DETECTA
SPAM;SPAM
SPAM;HAM 
SPAM;SPAM
HAM;HAM 
SPAM;SPAM
SPAM;SPAM
SPAM;SPAM
HAM;HAM 
SPAM;SPAM
SPAM;SPAM
SPAM;HAM 
SPAM;HAM 
SPAM;SPAM
SPAM;SPAM
SPAM;SPAM
SPAM;SPAM
SPAM;HAM 
SPAM;HAM 
HAM;SPAM
SPAM;HAM 
SPAM;SPAM
SPAM;SPAM
HAM;SPAM
HAM;SPAM
SPAM;SPAM
SPAM;SPAM
SPAM;SPAM
SPAM;SPAM
SPAM;HAM 
HAM;SPAM
HAM;SPAM
SPAM;SPAM
SPAM;HAM 
SPAM;HAM 
SPAM;SPAM
SPAM;HAM 
SPAM;HAM 
SPAM;SPAM
SPAM;SPAM
SPAM;SPAM
SPAM;SPAM
SPAM;HAM 
SPAM;HAM 
HAM;HAM 
HAM;SPAM
SPAM;HAM 
SPAM;SPAM
SPAM;HAM 
SPAM;SPAM
SPAM;HAM 