MUNICIPIO;ATUR;TEMP;UNIV;RBFD;MOTOR
Abrera;13,98;80,85;7,92;13,20;5,66
Aguilar de Segarra;6,25;87,50;10,34;13,81;7,58
Alella;8,93;82,86;26,09;21,20;5,39
Alpens;5,92;50,00;13,88;15,92;4,50
Ametlla del Vallès, L';10,43;85,71;22,59;19,65;5,41
Arenys de Mar;15,10;74,14;13,49;13,46;4,46
Arenys de Munt;14,92;85,56;11,50;14,00;4,84
Argençola;4,96;75,00;10,34;11,45;5,04
Argentona;13,35;86,57;13,31;15,27;5,14
Artés;15,30;93,64;8,03;13,81;4,98
Avià;10,15;80,00;9,47;15,51;5,41
Avinyó;13,47;88,00;7,01;13,81;4,73
Avinyonet del Penedès;13,89;95,56;7,72;12,39;5,54
Aiguafreda;14,43;66,67;10,87;15,19;4,99
Badalona;19,21;86,52;7,51;13,34;3,92
Bagà;13,00;77,27;7,72;15,51;4,35
Balenyà;19,00;68,57;5,47;15,92;5,66
Balsareny;16,94;94,23;7,55;13,81;5,08
Barcelona;12,94;87,36;20,17;18,78;3,69
Begues;9,84;84,31;19,66;15,67;4,81
Bellprat;2,17;79,17;13,95;11,45;7,61
Berga;17,10;91,50;10,24;15,43;4,76
Bigues i Riells;13,63;89,69;11,17;14,81;5,46
Borredà;8,90;91,67;8,52;15,51;5,21
Bruc, El;12,39;85,00;12,12;11,45;4,93
Brull, El;7,94;75,00;23,26;15,92;5,40
Cabanyes, Les;11,32;90,00;13,08;12,39;1,53
Cabrera d'Anoia;21,35;33,33;4,55;11,45;4,70
Cabrera de Mar;8,91;84,52;21,67;18,27;5,93
Cabrils;9,02;84,38;27,25;24,24;5,03
Calaf;13,78;80,95;6,77;11,45;4,82
Caldes d'Estrac;10,42;91,67;17,01;18,27;4,71
Caldes de Montbui;14,63;83,39;12,24;13,33;4,71
Calders;11,68;78,05;16,18;13,81;5,84
Calella;19,03;81,85;10,40;12,91;3,77
Calonge de Segarra;10,71;66,67;9,50;11,45;5,92
Calldetenes;11,38;87,50;10,24;15,92;5,41
Callús;15,22;83,33;10,65;13,81;5,01
Campins;13,06;50,00;17,62;15,19;5,74
Canet de Mar;15,99;79,73;11,69;12,88;4,14
Canovelles;22,15;91,35;5,16;10,18;4,67
Cànoves i Samalús;15,47;100,00;7,94;15,19;5,30
Canyelles;17,61;94,59;10,97;11,77;4,63
Capellades;16,00;95,18;8,18;10,71;4,56
Cardedeu;14,64;83,92;14,64;14,12;4,74
Cardona;12,20;92,50;7,08;14,25;5,20
Carme;14,94;100,00;8,19;11,45;5,36
Casserres;11,82;92,00;7,51;15,51;5,77
Castellar del Riu;9,88;0,00;10,38;15,51;4,09
Castellar del Vallès;14,98;88,91;12,37;13,44;4,99
Castellar de n'Hug;4,72;100,00;9,88;15,51;4,44
Castellbell i el Vilar;15,97;84,38;6,72;13,81;4,88
Castellbisbal;12,51;90,80;8,63;12,75;5,30
Castellcir;9,58;100,00;17,05;15,19;4,71
Castelldefels;13,04;78,44;16,90;14,98;4,30
Castellet i la Gornal;15,31;97,73;6,52;12,39;5,38
Castellfollit del Boix;9,09;100,00;12,43;13,81;5,12
Castellgalí;16,52;90,74;8,31;13,81;4,71
Castellnou de Bages;12,98;0,00;9,31;13,81;5,34
Castellolí;8,85;66,67;16,24;11,45;5,95
Castellterçol;11,47;93,75;14,90;15,19;4,46
Castellví de la Marca;13,97;82,35;6,56;12,39;5,59
Castellví de Rosanes;12,17;90,48;14,75;15,67;5,45
Centelles;15,32;86,02;9,01;15,16;4,99
Cervelló;13,72;91,21;11,25;15,39;6,03
Collbató;10,69;80,00;15,86;15,67;4,87
Collsuspina;10,73;100,00;14,86;15,92;5,76
Copons;15,82;100,00;6,59;11,45;5,25
Corbera de Llobregat;12,27;75,34;14,82;16,61;4,81
Cornellà de Llobregat;17,67;83,59;9,31;11,99;3,76
Cubelles;16,54;88,18;11,31;10,94;4,32
Dosrius;14,58;84,38;9,49;18,27;5,26
Esparreguera;17,27;81,98;8,87;12,91;5,01
Esplugues de Llobregat;13,75;81,74;13,33;14,78;4,29
Espunyola, L';9,92;100,00;2,89;15,51;6,50
Estany, L';10,58;50,00;11,36;13,81;5,13
Fígols;0,00;93,06;19,57;15,51;7,50
Fogars de Montclús;8,22;100,00;12,10;15,19;4,58
Fogars de la Selva;21,39;73,68;6,68;18,27;4,95
Folgueroles;8,30;42,86;13,98;15,92;4,95
Fonollosa;14,19;82,35;9,11;13,81;5,36
Font-rubí;13,48;85,71;11,08;12,39;5,32
Franqueses del Vallès, Les;17,23;89,06;7,63;11,83;5,10
Gallifa;5,00;100,00;18,29;10,68;6,40
Garriga, La;13,16;85,85;15,17;13,74;4,93
Gavà;15,46;81,47;10,25;13,43;4,36
Gaià;13,33;91,67;6,72;13,81;5,79
Gelida;12,88;85,00;10,76;12,39;4,58
Gironella;15,57;93,33;7,29;15,51;5,25
Granada, La;12,95;92,11;11,12;12,39;5,18
Granera;12,00;75,00;21,21;15,19;7,40
Granollers;17,62;90,67;11,51;12,34;4,69
Gualba;12,33;95,65;13,56;15,19;5,65
Sant Salvador de Guardiola;15,69;71,79;6,19;13,81;5,53
Guardiola de Berguedà;11,52;100,00;6,46;15,51;5,02
Gurb;7,62;84,21;15,64;15,92;6,59
Hospitalet de Llobregat, L';16,92;87,05;8,03;13,56;3,29
Igualada;17,92;86,36;11,56;12,59;4,78
Jorba;13,37;57,14;11,96;11,45;4,85
Llacuna, La;11,40;81,82;8,90;11,45;5,57
Llagosta, La;19,66;86,58;4,95;9,92;4,19
Llinars del Vallès;16,19;78,15;11,53;11,94;4,88
Lliçà d'Amunt;15,30;89,15;8,25;12,36;5,44
Lliçà de Vall;12,98;80,39;9,12;13,86;6,86
Lluçà;5,71;100,00;10,30;15,92;5,42
Malgrat de Mar;18,45;83,82;6,98;12,42;4,10
Malla;0,72;55,56;13,06;15,92;7,57
Manlleu;20,60;83,95;7,98;13,95;4,77
Manresa;17,60;89,31;12,90;14,29;4,46
Martorell;19,37;91,67;8,96;12,74;5,55
Martorelles;16,26;96,12;8,11;15,19;5,75
Masies de Roda, Les;9,82;100,00;7,50;15,92;5,39
Masies de Voltregà, Les;14,27;78,05;6,92;15,92;5,57
Masnou, El;12,47;90,07;19,32;15,99;4,87
Masquefa;16,47;81,91;6,51;10,98;4,80
Matadepera;6,18;68,29;30,16;24,96;5,05
Mataró;20,41;89,50;8,18;11,96;4,00
Mediona;14,99;98,35;9,96;12,39;5,13
Molins de Rei;13,69;87,73;11,95;15,32;4,59
Mollet del Vallès;18,74;89,99;7,63;10,66;4,54
Montcada i Reixac;17,58;86,88;7,18;11,17;4,69
Montgat;13,08;83,78;12,31;13,21;5,04
Monistrol de Montserrat;15,22;97,78;6,28;13,81;4,94
Monistrol de Calders;12,96;100,00;6,72;13,81;5,59
Muntanyola;13,12;100,00;13,49;15,92;4,46
Montclar;8,16;75,00;2,94;15,51;6,34
Montesquiu;19,66;100,00;5,92;15,92;5,40
Montmajor;6,53;20,00;7,57;15,51;7,06
Montmaneu;13,79;100,00;9,52;11,45;6,67
Figaró-Montmany;14,07;87,50;13,09;15,19;4,44
Montmeló;15,45;93,88;6,61;10,63;4,86
Montornès del Vallès;19,70;94,64;5,90;10,59;4,85
Montseny;7,64;100,00;10,49;15,19;6,30
Moià;11,13;62,50;12,13;13,81;4,51
Mura;12,31;100,00;18,78;13,81;4,45
Navarcles;15,93;75,86;8,46;13,49;5,33
Navàs;16,38;85,29;7,60;13,72;5,06
Òdena;16,61;84,09;6,91;11,45;5,29
Olvan;15,59;100,00;6,95;15,51;5,90
Olèrdola;13,59;91,28;7,70;12,39;5,68
Olesa de Bonesvalls;13,22;70,00;7,95;12,39;5,17
Olesa de Montserrat;17,64;81,91;8,36;13,34;4,39
Olivella;16,05;80,00;12,02;11,77;4,60
Olost;14,33;83,33;8,39;15,92;5,82
Orís;6,06;88,89;7,69;15,92;6,27
Orpí;9,09;100,00;3,82;11,45;5,29
Òrrius;10,89;100,00;15,87;18,27;5,84
Pacs del Penedès;12,79;88,89;15,31;12,39;6,03
Palafolls;16,90;69,57;5,99;11,64;4,82
Palau-solità i Plegamans;13,93;89,78;8,87;13,95;5,72
Pallejà;13,20;73,43;12,26;16,16;4,66
Papiol, El;15,37;76,54;10,23;15,67;5,22
Parets del Vallès;14,61;90,18;7,63;11,77;5,33
Perafita;10,81;50,00;6,46;15,92;5,47
Piera;19,39;91,21;6,71;10,04;4,77
Hostalets de Pierola, Els;15,56;97,83;10,12;11,45;4,70
Pineda de Mar;22,52;86,29;6,24;11,51;4,27
Pla del Penedès, El;12,99;100,00;6,41;12,39;5,82
Pobla de Claramunt, La;17,13;95,49;9,04;11,45;5,16
Pobla de Lillet, La;12,16;100,00;5,97;15,51;4,41
Polinyà;16,56;87,55;4,42;12,02;5,17
Pontons;20,27;100,00;8,33;12,39;6,13
Prat de Llobregat, El;16,55;86,33;7,19;11,87;4,36
Prats de Rei, Els;7,02;80,00;9,22;11,45;6,32
Prats de Lluçanès;15,32;55,56;7,80;15,92;5,34
Premià de Mar;17,91;83,93;13,34;12,87;4,51
Puigdàlber;14,59;88,89;10,89;12,39;5,96
Puig-reig;14,08;82,69;8,14;15,51;5,19
Pujalt;3,70;100,00;6,82;11,45;6,55
Rajadell;8,42;50,00;12,98;13,81;7,84
Rellinars;15,79;66,67;9,12;10,68;4,96
Ripollet;18,80;89,57;6,60;10,87;4,35
Roca del Vallès, La;12,37;87,36;11,53;12,53;5,24
Pont de Vilomara i Rocafort, El;18,18;97,37;4,68;13,81;4,69
Roda de Ter;15,07;83,33;6,56;13,49;5,29
Rubí;19,21;85,83;8,28;10,79;4,65
Rubió;8,11;100,00;9,26;11,45;3,91
Sabadell;17,94;85,08;10,62;12,30;4,43
Sagàs;7,58;100,00;23,70;15,51;7,31
Sant Pere Sallavinera;5,19;0,00;13,57;11,45;12,57
Saldes;6,49;33,33;6,87;15,51;5,20
Sallent;13,96;85,11;8,40;12,75;5,04
Santpedor;13,42;93,28;9,99;14,88;5,29
Sant Iscle de Vallalta;15,99;66,67;11,82;18,27;4,56
Sant Adrià de Besòs;20,39;83,47;6,02;12,39;3,83
Sant Agustí de Lluçanès;5,66;0,00;4,12;15,92;6,44
Sant Andreu de la Barca;15,90;93,91;6,50;12,00;4,68
Sant Andreu de Llavaneres;10,93;83,54;21,66;20,41;4,68
Sant Antoni de Vilamajor;14,14;65,38;14,71;15,19;4,90
Sant Bartomeu del Grau;19,20;90,91;6,30;15,92;6,48
Sant Boi de Llobregat;17,66;88,05;7,13;11,66;4,37
Sant Boi de Lluçanès;11,19;80,00;14,55;15,92;5,24
Sant Celoni;16,15;86,41;8,80;11,77;4,36
Sant Cebrià de Vallalta;14,91;80,00;11,80;18,27;4,85
Sant Climent de Llobregat;13,03;70,59;11,03;15,67;4,78
Sant Cugat del Vallès;9,38;83,99;33,61;19,46;4,34
Sant Cugat Sesgarrigues;11,70;90,00;7,92;12,39;5,87
Sant Esteve de Palautordera;10,05;97,73;17,55;15,19;4,23
Sant Esteve Sesrovires;11,17;96,18;10,93;12,24;5,52
Sant Fost de Campsentelles;13,30;84,38;11,13;14,42;5,56
Sant Feliu de Codines;14,38;82,50;13,03;15,19;4,60
Sant Feliu de Llobregat;15,21;86,87;11,40;13,71;4,19
Sant Feliu Sasserra;6,21;100,00;7,04;13,81;5,46
Sant Fruitós de Bages;15,73;90,40;11,71;15,10;5,23
Vilassar de Dalt;11,31;75,65;16,14;16,87;5,27
Sant Hipòlit de Voltregà;14,20;78,95;8,46;15,92;5,23
Sant Joan Despí;13,85;80,17;12,67;14,06;4,21
Sant Joan de Vilatorrada;16,76;93,00;7,21;12,90;4,90
Vilassar de Mar;11,66;78,40;18,45;16,49;4,66
Sant Julià de Vilatorta;9,84;57,14;15,98;15,92;5,32
Sant Just Desvern;9,56;86,61;27,02;21,86;4,82
Sant Llorenç d'Hortons;11,65;96,77;10,23;12,39;4,73
Sant Llorenç Savall;15,77;94,19;10,10;10,68;4,80
Sant Martí de Centelles;14,49;57,14;10,09;15,92;4,55
Sant Martí d'Albars;11,11;100,00;9,68;15,92;6,81
Sant Martí de Tous;8,76;100,00;13,61;11,45;4,91
Sant Martí Sarroca;12,81;97,50;6,94;12,39;5,58
Sant Martí Sesgueioles;8,42;100,00;7,57;11,45;6,04
Sant Mateu de Bages;8,05;66,67;8,63;13,81;4,85
Premià de Dalt;12,73;83,10;17,27;18,80;5,07
Sant Pere de Ribes;19,59;86,25;11,20;10,79;4,41
Sant Pere de Riudebitlles;15,08;90,91;8,64;12,39;5,18
Sant Pere de Torelló;13,04;82,35;7,68;15,92;5,24
Sant Pere de Vilamajor;13,50;92,86;13,12;15,19;5,25
Sant Pol de Mar;10,90;82,14;20,36;18,27;4,45
Sant Quintí de Mediona;19,52;64,29;6,35;12,39;4,85
Sant Quirze de Besora;14,50;80,00;8,82;15,92;4,69
Sant Quirze del Vallès;10,91;84,31;21,98;16,86;5,13
Sant Quirze Safaja;8,08;83,33;21,08;15,19;4,96
Sant Sadurní d'Anoia;11,47;74,59;8,98;13,54;4,63
Marganell;12,05;75,00;13,66;13,81;4,68
Santa Cecília de Voltregà;8,51;66,67;8,38;15,92;7,11
Santa Coloma de Cervelló;11,65;69,57;14,67;14,28;4,81
Santa Coloma de Gramenet;19,82;86,66;6,41;12,10;3,42
Santa Eugènia de Berga;12,38;66,67;4,58;15,92;5,90
Santa Eulàlia de Ronçana;14,93;74,07;10,19;15,19;5,47
Santa Fe del Penedès;10,50;66,67;13,50;12,39;5,22
Santa Margarida de Montbui;24,87;86,73;4,10;9,14;4,91
Santa Margarida i els Monjos;18,04;92,91;6,94;10,96;4,98
Barberà del Vallès;16,14;84,83;9,24;11,22;5,03
Santa Maria de Corcó;10,49;88,89;12,35;15,92;5,46
Santa Maria de Martorelles;12,53;100,00;12,62;15,19;4,41
Santa Maria de Miralles;16,44;25,00;6,59;11,45;8,54
Santa Maria d'Oló;8,49;100,00;8,99;13,81;5,28
Santa Maria de Palautordera;14,23;90,00;10,24;11,65;4,85
Santa Perpètua de Mogoda;16,89;89,71;7,20;12,16;5,48
Santa Susanna;14,60;86,09;11,46;18,27;4,73
Sant Vicenç de Castellet;20,80;79,45;5,89;12,56;4,65
Sant Vicenç dels Horts;18,13;87,94;5,87;11,79;4,60
Sant Vicenç de Montalt;8,67;90,91;23,72;18,27;4,76
Sant Vicenç de Torelló;11,54;83,33;8,70;15,92;5,32
Cerdanyola del Vallès;14,99;87,96;14,32;12,74;4,76
Sentmenat;15,91;81,46;8,35;12,09;4,92
Cercs;11,90;92,31;5,62;15,51;5,62
Seva;12,08;80,00;10,13;15,92;5,18
Sitges;10,27;85,75;23,54;14,40;3,82
Subirats;9,78;85,42;10,08;12,39;5,28
Súria;16,10;78,87;9,05;12,78;4,82
Tavèrnoles;6,83;33,33;16,73;15,92;5,73
Tagamanent;9,82;50,00;18,75;15,19;5,62
Talamanca;10,26;100,00;18,95;13,81;3,45
Taradell;14,37;82,50;11,27;14,71;5,25
Terrassa;19,10;82,70;10,30;11,88;4,48
Tavertet;2,50;100,00;12,86;15,92;5,13
Teià;9,13;86,75;23,00;22,55;5,33
Tiana;8,94;88,64;22,26;18,95;4,89
Tona;13,75;86,67;9,44;14,69;5,00
Tordera;19,34;80,58;5,62;12,24;4,77
Torelló;16,61;89,69;8,85;14,04;4,94
Torre de Claramunt, La;17,79;84,38;6,42;11,45;5,14
Torrelavit;9,19;70,83;7,46;12,39;5,63
Torrelles de Foix;21,89;93,33;4,59;12,39;5,05
Torrelles de Llobregat;11,64;80,00;15,99;15,67;4,93
Ullastrell;10,88;83,33;12,96;10,68;4,57
Vacarisses;16,21;89,05;12,88;10,68;4,95
Vallbona d'Anoia;14,34;81,82;7,01;11,45;4,66
Vallgorguina;12,73;82,61;14,05;15,19;5,23
Vallirana;15,68;89,52;11,43;14,53;5,02
Vallromanes;9,31;71,43;21,51;15,19;5,19
Vic;18,57;86,20;13,98;14,45;4,65
Vilada;19,22;80,00;7,75;15,51;4,88
Viladecavalls;14,65;89,00;10,98;12,67;5,45
Viladecans;17,00;85,82;7,37;11,58;4,49
Vilanova del Camí;23,02;83,12;3,35;9,39;4,75
Vilanova de Sau;8,19;50,00;10,26;15,92;5,80
Vilobí del Penedès;8,90;81,82;9,32;12,39;5,74
Vilafranca del Penedès;17,93;84,08;10,36;13,06;4,54
Vilalba Sasserra;17,31;100,00;8,53;15,19;5,31
Vilanova i la Geltrú;18,61;88,16;12,46;10,94;4,07
Viver i Serrateix;12,09;80,00;9,50;15,51;7,31
Rupit i Pruit;4,97;80,00;11,60;15,92;6,15
Vilanova del Vallès;12,30;65,62;11,80;15,19;4,63
Sant Julià de Cerdanyola;5,38;100,00;13,02;15,51;2,53
Badia del Vallès;23,49;80,65;4,04;8,49;4,54
Palma de Cervelló, La;11,42;63,64;16,03;15,67;3,06
